month,cap_mainline_kbd,cap_trans_mountain_kbd,cap_keystone_kbd,cap_express_kbd,cap_milk_river_kbd,cap_rangeland_kbd,rail_kbd,marketable_supply_kbd,spare_kbd,vintage
2026-01,2921.0,872.2,627.2,333.2,96.0,19.6,85.0,4993.1,-38.9,AER ST3 actuals through 2026-07 (DB file 2026-09-25); CER open data pulled 2026-09-22; model build 2026-09-27
2026-02,2921.0,872.2,627.2,333.2,96.0,19.6,85.0,4946.3,7.9,AER ST3 actuals through 2026-07 (DB file 2026-09-25); CER open data pulled 2026-09-22; model build 2026-09-27
2026-03,2921.0,872.2,627.2,333.2,96.0,19.6,85.0,5000.2,-46.0,AER ST3 actuals through 2026-07 (DB file 2026-09-25); CER open data pulled 2026-09-22; model build 2026-09-27
2026-04,2921.0,872.2,627.2,333.2,96.0,19.6,85.0,5062.5,-108.2,AER ST3 actuals through 2026-07 (DB file 2026-09-25); CER open data pulled 2026-09-22; model build 2026-09-27
2026-05,2921.0,872.2,627.2,333.2,96.0,19.6,85.0,4948.0,6.2,AER ST3 actuals through 2026-07 (DB file 2026-09-25); CER open data pulled 2026-09-22; model build 2026-09-27
2026-06,2921.0,872.2,627.2,333.2,96.0,19.6,85.0,4819.2,135.1,AER ST3 actuals through 2026-07 (DB file 2026-09-25); CER open data pulled 2026-09-22; model build 2026-09-27
2026-07,2921.0,872.2,627.2,333.2,96.0,19.6,85.0,5141.6,-187.4,AER ST3 actuals through 2026-07 (DB file 2026-09-25); CER open data pulled 2026-09-22; model build 2026-09-27
2026-08,2921.0,872.2,627.2,333.2,96.0,19.6,85.0,5107.4,-153.2,AER ST3 actuals through 2026-07 (DB file 2026-09-25); CER open data pulled 2026-09-22; model build 2026-09-27
2026-09,2921.0,872.2,627.2,333.2,96.0,19.6,85.0,5073.3,-119.0,AER ST3 actuals through 2026-07 (DB file 2026-09-25); CER open data pulled 2026-09-22; model build 2026-09-27
2026-10,2921.0,872.2,627.2,333.2,96.0,19.6,85.0,5039.1,-84.9,AER ST3 actuals through 2026-07 (DB file 2026-09-25); CER open data pulled 2026-09-22; model build 2026-09-27
2026-11,2921.0,872.2,627.2,333.2,96.0,19.6,85.0,5224.6,-270.4,AER ST3 actuals through 2026-07 (DB file 2026-09-25); CER open data pulled 2026-09-22; model build 2026-09-27
2026-12,2921.0,872.2,627.2,333.2,96.0,19.6,85.0,5300.3,-346.1,AER ST3 actuals through 2026-07 (DB file 2026-09-25); CER open data pulled 2026-09-22; model build 2026-09-27
2027-01,3068.0,960.4,627.2,333.2,96.0,19.6,85.0,4957.2,232.2,AER ST3 actuals through 2026-07 (DB file 2026-09-25); CER open data pulled 2026-09-22; model build 2026-09-27
2027-02,3068.0,960.4,627.2,333.2,96.0,19.6,85.0,5034.1,155.3,AER ST3 actuals through 2026-07 (DB file 2026-09-25); CER open data pulled 2026-09-22; model build 2026-09-27
2027-03,3068.0,960.4,627.2,333.2,96.0,19.6,85.0,4991.3,198.1,AER ST3 actuals through 2026-07 (DB file 2026-09-25); CER open data pulled 2026-09-22; model build 2026-09-27
2027-04,3068.0,960.4,627.2,333.2,96.0,19.6,85.0,4782.9,406.5,AER ST3 actuals through 2026-07 (DB file 2026-09-25); CER open data pulled 2026-09-22; model build 2026-09-27
2027-05,3068.0,960.4,627.2,333.2,96.0,19.6,85.0,4716.5,472.9,AER ST3 actuals through 2026-07 (DB file 2026-09-25); CER open data pulled 2026-09-22; model build 2026-09-27
2027-06,3068.0,960.4,627.2,333.2,96.0,19.6,85.0,4972.4,217.0,AER ST3 actuals through 2026-07 (DB file 2026-09-25); CER open data pulled 2026-09-22; model build 2026-09-27
2027-07,3068.0,960.4,627.2,333.2,96.0,19.6,85.0,5031.6,157.8,AER ST3 actuals through 2026-07 (DB file 2026-09-25); CER open data pulled 2026-09-22; model build 2026-09-27
2027-08,3068.0,960.4,627.2,333.2,96.0,19.6,85.0,5067.2,122.2,AER ST3 actuals through 2026-07 (DB file 2026-09-25); CER open data pulled 2026-09-22; model build 2026-09-27
2027-09,3068.0,960.4,627.2,333.2,96.0,19.6,85.0,4984.0,205.4,AER ST3 actuals through 2026-07 (DB file 2026-09-25); CER open data pulled 2026-09-22; model build 2026-09-27
2027-10,3068.0,960.4,627.2,333.2,96.0,19.6,85.0,5039.1,150.3,AER ST3 actuals through 2026-07 (DB file 2026-09-25); CER open data pulled 2026-09-22; model build 2026-09-27
2027-11,3068.0,960.4,627.2,333.2,96.0,19.6,85.0,5224.6,-35.2,AER ST3 actuals through 2026-07 (DB file 2026-09-25); CER open data pulled 2026-09-22; model build 2026-09-27
2027-12,3068.0,960.4,627.2,333.2,96.0,19.6,85.0,5300.3,-110.9,AER ST3 actuals through 2026-07 (DB file 2026-09-25); CER open data pulled 2026-09-22; model build 2026-09-27
2028-01,3068.0,960.4,627.2,333.2,96.0,19.6,85.0,5383.5,-194.0,AER ST3 actuals through 2026-07 (DB file 2026-09-25); CER open data pulled 2026-09-22; model build 2026-09-27
2028-02,3068.0,960.4,627.2,333.2,96.0,19.6,85.0,5467.9,-278.5,AER ST3 actuals through 2026-07 (DB file 2026-09-25); CER open data pulled 2026-09-22; model build 2026-09-27
2028-03,3068.0,960.4,627.2,333.2,96.0,19.6,85.0,5420.9,-231.5,AER ST3 actuals through 2026-07 (DB file 2026-09-25); CER open data pulled 2026-09-22; model build 2026-09-27
2028-04,3068.0,960.4,627.2,333.2,96.0,19.6,85.0,5192.1,-2.7,AER ST3 actuals through 2026-07 (DB file 2026-09-25); CER open data pulled 2026-09-22; model build 2026-09-27
2028-05,3068.0,960.4,627.2,333.2,96.0,19.6,85.0,5119.2,70.2,AER ST3 actuals through 2026-07 (DB file 2026-09-25); CER open data pulled 2026-09-22; model build 2026-09-27
2028-06,3068.0,960.4,627.2,333.2,96.0,19.6,85.0,5400.2,-210.7,AER ST3 actuals through 2026-07 (DB file 2026-09-25); CER open data pulled 2026-09-22; model build 2026-09-27
2028-07,3068.0,960.4,627.2,333.2,96.0,19.6,85.0,5465.2,-275.7,AER ST3 actuals through 2026-07 (DB file 2026-09-25); CER open data pulled 2026-09-22; model build 2026-09-27
2028-08,3068.0,960.4,627.2,333.2,96.0,19.6,85.0,5504.2,-314.8,AER ST3 actuals through 2026-07 (DB file 2026-09-25); CER open data pulled 2026-09-22; model build 2026-09-27
2028-09,3068.0,960.4,627.2,333.2,96.0,19.6,85.0,5412.9,-223.5,AER ST3 actuals through 2026-07 (DB file 2026-09-25); CER open data pulled 2026-09-22; model build 2026-09-27
2028-10,3068.0,1166.2,627.2,333.2,96.0,19.6,85.0,5473.4,-78.2,AER ST3 actuals through 2026-07 (DB file 2026-09-25); CER open data pulled 2026-09-22; model build 2026-09-27
2028-11,3068.0,1166.2,627.2,333.2,96.0,19.6,85.0,5677.0,-281.8,AER ST3 actuals through 2026-07 (DB file 2026-09-25); CER open data pulled 2026-09-22; model build 2026-09-27
2028-12,3068.0,1166.2,627.2,333.2,96.0,19.6,85.0,5760.2,-364.9,AER ST3 actuals through 2026-07 (DB file 2026-09-25); CER open data pulled 2026-09-22; model build 2026-09-27
2029-01,3068.0,1166.2,627.2,333.2,96.0,19.6,85.0,5525.4,-130.1,AER ST3 actuals through 2026-07 (DB file 2026-09-25); CER open data pulled 2026-09-22; model build 2026-09-27
2029-02,3068.0,1166.2,627.2,333.2,96.0,19.6,85.0,5612.3,-217.1,AER ST3 actuals through 2026-07 (DB file 2026-09-25); CER open data pulled 2026-09-22; model build 2026-09-27
2029-03,3068.0,1166.2,627.2,333.2,96.0,19.6,85.0,5563.9,-168.7,AER ST3 actuals through 2026-07 (DB file 2026-09-25); CER open data pulled 2026-09-22; model build 2026-09-27
2029-04,3068.0,1166.2,627.2,333.2,96.0,19.6,85.0,5328.4,66.9,AER ST3 actuals through 2026-07 (DB file 2026-09-25); CER open data pulled 2026-09-22; model build 2026-09-27
2029-05,3068.0,1166.2,627.2,333.2,96.0,19.6,85.0,5253.3,141.9,AER ST3 actuals through 2026-07 (DB file 2026-09-25); CER open data pulled 2026-09-22; model build 2026-09-27
2029-06,3068.0,1166.2,627.2,333.2,96.0,19.6,85.0,5542.6,-147.3,AER ST3 actuals through 2026-07 (DB file 2026-09-25); CER open data pulled 2026-09-22; model build 2026-09-27
2029-07,3068.0,1166.2,627.2,333.2,96.0,19.6,85.0,5609.5,-214.3,AER ST3 actuals through 2026-07 (DB file 2026-09-25); CER open data pulled 2026-09-22; model build 2026-09-27
2029-08,3068.0,1166.2,627.2,333.2,96.0,19.6,85.0,5649.7,-254.5,AER ST3 actuals through 2026-07 (DB file 2026-09-25); CER open data pulled 2026-09-22; model build 2026-09-27
2029-09,3068.0,1166.2,627.2,333.2,96.0,19.6,85.0,5555.7,-160.4,AER ST3 actuals through 2026-07 (DB file 2026-09-25); CER open data pulled 2026-09-22; model build 2026-09-27
2029-10,3068.0,1166.2,627.2,333.2,96.0,19.6,85.0,5618.0,-222.7,AER ST3 actuals through 2026-07 (DB file 2026-09-25); CER open data pulled 2026-09-22; model build 2026-09-27
2029-11,3068.0,1166.2,627.2,333.2,96.0,19.6,85.0,5827.7,-432.4,AER ST3 actuals through 2026-07 (DB file 2026-09-25); CER open data pulled 2026-09-22; model build 2026-09-27
2029-12,3068.0,1166.2,627.2,333.2,96.0,19.6,85.0,5913.2,-518.0,AER ST3 actuals through 2026-07 (DB file 2026-09-25); CER open data pulled 2026-09-22; model build 2026-09-27
2030-01,3068.0,1166.2,627.2,333.2,96.0,19.6,85.0,5671.5,-276.3,AER ST3 actuals through 2026-07 (DB file 2026-09-25); CER open data pulled 2026-09-22; model build 2026-09-27
2030-02,3068.0,1166.2,627.2,333.2,96.0,19.6,85.0,5761.0,-365.8,AER ST3 actuals through 2026-07 (DB file 2026-09-25); CER open data pulled 2026-09-22; model build 2026-09-27
2030-03,3068.0,1166.2,627.2,333.2,96.0,19.6,85.0,5711.2,-316.0,AER ST3 actuals through 2026-07 (DB file 2026-09-25); CER open data pulled 2026-09-22; model build 2026-09-27
2030-04,3068.0,1166.2,627.2,333.2,96.0,19.6,85.0,5468.6,-73.4,AER ST3 actuals through 2026-07 (DB file 2026-09-25); CER open data pulled 2026-09-22; model build 2026-09-27
2030-05,3068.0,1166.2,627.2,333.2,96.0,19.6,85.0,5391.3,3.9,AER ST3 actuals through 2026-07 (DB file 2026-09-25); CER open data pulled 2026-09-22; model build 2026-09-27
2030-06,3068.0,1166.2,627.2,333.2,96.0,19.6,85.0,5689.2,-294.0,AER ST3 actuals through 2026-07 (DB file 2026-09-25); CER open data pulled 2026-09-22; model build 2026-09-27
2030-07,3068.0,1166.2,627.2,333.2,96.0,19.6,85.0,5758.1,-362.9,AER ST3 actuals through 2026-07 (DB file 2026-09-25); CER open data pulled 2026-09-22; model build 2026-09-27
2030-08,3068.0,1166.2,627.2,333.2,96.0,19.6,85.0,5799.5,-404.3,AER ST3 actuals through 2026-07 (DB file 2026-09-25); CER open data pulled 2026-09-22; model build 2026-09-27
2030-09,3068.0,1166.2,627.2,333.2,96.0,19.6,85.0,5702.7,-307.5,AER ST3 actuals through 2026-07 (DB file 2026-09-25); CER open data pulled 2026-09-22; model build 2026-09-27
2030-10,3068.0,1166.2,627.2,333.2,96.0,19.6,85.0,5766.8,-371.6,AER ST3 actuals through 2026-07 (DB file 2026-09-25); CER open data pulled 2026-09-22; model build 2026-09-27
2030-11,3068.0,1166.2,627.2,333.2,96.0,19.6,85.0,5982.7,-587.5,AER ST3 actuals through 2026-07 (DB file 2026-09-25); CER open data pulled 2026-09-22; model build 2026-09-27
2030-12,3068.0,1166.2,627.2,333.2,96.0,19.6,85.0,6070.8,-675.6,AER ST3 actuals through 2026-07 (DB file 2026-09-25); CER open data pulled 2026-09-22; model build 2026-09-27
